Acadia,44°21′N,68°13′W
Acadia,44°21′N,68°13′W
Acadia,44°21′N,68°13′W
Acadia,44°21′N,68°13′W
Acadia,44°21′N,68°13′W
Acadia,44°21′N,68°13′W
Acadia,44°21′N,68°13′W
Acadia,44°21′N,68°13′W
Acadia,44°21′N,68°13′W
Acadia,44°21′N,68°13′W
Acadia,44°21′N,68°13′W
Acadia,44°21′N,68°13′W
Acadia,44°21′N,68°13′W
Acadia,44°21′N,68°13′W
Acadia,44°21′N,68°13′W
Acadia,44°21′N,68°13′W
Acadia,44°21′N,68°13′W
Acadia,44°21′N,68°13′W
Acadia,44°21′N,68°13′W
Acadia,44°21′N,68°13′W
Acadia,44°21′N,68°13′W
Acadia,44°21′N,68°13′W
Acadia,44°21′N,68°13′W
Acadia,44°21′N,68°13′W
Acadia,44°21′N,68°13′W
Acadia,44°21′N,68°13′W
Acadia,44°21′N,68°13′W
Acadia,44°21′N,68°13′W
Acadia,44°21′N,68°13′W
Acadia,44°21′N,68°13′W
Acadia,44°21′N,68°13′W
Acadia,44°21′N,68°13′W
Acadia,44°21′N,68°13′W
Acadia,44°21′N,68°13′W
Acadia,44°21′N,68°13′W
Acadia,44°21′N,68°13′W
Acadia,44°21′N,68°13′W
Acadia,44°21′N,68°13′W
Acadia,44°21′N,68°13′W
Acadia,44°21′N,68°13′W
Acadia,44°21′N,68°13′W
Acadia,44°21′N,68°13′W
Acadia,44°21′N,68°13′W
Acadia,44°21′N,68°13′W
Acadia,44°21′N,68°13′W
Acadia,44°21′N,68°13′W
Acadia,44°21′N,68°13′W
Acadia,44°21′N,68°13′W
Acadia,44°21′N,68°13′W
Acadia,44°21′N,68°13′W
Acadia,44°21′N,68°13′W
Acadia,44°21′N,68°13′W
Acadia,44°21′N,68°13′W
Acadia,44°21′N,68°13′W
Acadia,44°21′N,68°13′W
Acadia,44°21′N,68°13′W
Acadia,44°21′N,68°13′W
Acadia,44°21′N,68°13′W
Acadia,44°21′N,68°13′W
Acadia,44°21′N,68°13′W
Acadia,44°21′N,68°13′W
Acadia,44°21′N,68°13′W
Acadia,44°21′N,68°13′W
Acadia,44°21′N,68°13′W
Acadia,44°21′N,68°13′W
Acadia,44°21′N,68°13′W
Acadia,44°21′N,68°13′W
Acadia,44°21′N,68°13′W
Acadia,44°21′N,68°13′W
Acadia,44°21′N,68°13′W
Acadia,44°21′N,68°13′W
Acadia,44°21′N,68°13′W
Acadia,44°21′N,68°13′W
Acadia,44°21′N,68°13′W
Acadia,44°21′N,68°13′W
Acadia,44°21′N,68°13′W
Acadia,44°21′N,68°13′W
Acadia,44°21′N,68°13′W
Acadia,44°21′N,68°13′W
Acadia,44°21′N,68°13′W
Acadia,44°21′N,68°13′W
Acadia,44°21′N,68°13′W
Acadia,44°21′N,68°13′W
Acadia,44°21′N,68°13′W
Acadia,44°21′N,68°13′W
Acadia,44°21′N,68°13′W
Acadia,44°21′N,68°13′W
Acadia,44°21′N,68°13′W
Acadia,44°21′N,68°13′W
Acadia,44°21′N,68°13′W
Acadia,44°21′N,68°13′W
Acadia,44°21′N,68°13′W
Acadia,44°21′N,68°13′W
Acadia,44°21′N,68°13′W
Acadia,44°21′N,68°13′W
Acadia,44°21′N,68°13′W
Acadia,44°21′N,68°13′W
Acadia,44°21′N,68°13′W
Acadia,44°21′N,68°13′W
Acadia,44°21′N,68°13′W
Acadia,44°21′N,68°13′W
Acadia,44°21′N,68°13′W
Acadia,44°21′N,68°13′W
Acadia,44°21′N,68°13′W
Acadia,44°21′N,68°13′W
Acadia,44°21′N,68°13′W
Acadia,44°21′N,68°13′W
Acadia,44°21′N,68°13′W
Acadia,44°21′N,68°13′W
Acadia,44°21′N,68°13′W
Acadia,44°21′N,68°13′W
Acadia,44°21′N,68°13′W
Acadia,44°21′N,68°13′W
Acadia,44°21′N,68°13′W
Acadia,44°21′N,68°13′W
Acadia,44°21′N,68°13′W
Acadia,44°21′N,68°13′W
Acadia,44°21′N,68°13′W
Acadia,44°21′N,68°13′W
Acadia,44°21′N,68°13′W
Acadia,44°21′N,68°13′W
Acadia,44°21′N,68°13′W
Acadia,44°21′N,68°13′W
Acadia,44°21′N,68°13′W
Acadia,44°21′N,68°13′W
Acadia,44°21′N,68°13′W
Acadia,44°21′N,68°13′W
Acadia,44°21′N,68°13′W
Acadia,44°21′N,68°13′W
Acadia,44°21′N,68°13′W
Acadia,44°21′N,68°13′W
Acadia,44°21′N,68°13′W
Acadia,44°21′N,68°13′W
Acadia,44°21′N,68°13′W
Acadia,44°21′N,68°13′W
Acadia,44°21′N,68°13′W
Acadia,44°21′N,68°13′W
Acadia,44°21′N,68°13′W
Acadia,44°21′N,68°13′W
Acadia,44°21′N,68°13′W
Acadia,44°21′N,68°13′W
Acadia,44°21′N,68°13′W
Acadia,44°21′N,68°13′W
Acadia,44°21′N,68°13′W
Acadia,44°21′N,68°13′W
Acadia,44°21′N,68°13′W
Acadia,44°21′N,68°13′W
Acadia,44°21′N,68°13′W
Acadia,44°21′N,68°13′W
Acadia,44°21′N,68°13′W
Acadia,44°21′N,68°13′W
Acadia,44°21′N,68°13′W
Acadia,44°21′N,68°13′W
Acadia,44°21′N,68°13′W
Acadia,44°21′N,68°13′W
Acadia,44°21′N,68°13′W
Acadia,44°21′N,68°13′W
Acadia,44°21′N,68°13′W
Acadia,44°21′N,68°13′W
Acadia,44°21′N,68°13′W
Acadia,44°21′N,68°13′W
Acadia,44°21′N,68°13′W
Acadia,44°21′N,68°13′W
Acadia,44°21′N,68°13′W
Acadia,44°21′N,68°13′W
Acadia,44°21′N,68°13′W
Acadia,44°21′N,68°13′W
Acadia,44°21′N,68°13′W
Acadia,44°21′N,68°13′W
Acadia,44°21′N,68°13′W
Acadia,44°21′N,68°13′W
Acadia,44°21′N,68°13′W
Acadia,44°21′N,68°13′W
Acadia,44°21′N,68°13′W
Acadia,44°21′N,68°13′W
Acadia,44°21′N,68°13′W
Acadia,44°21′N,68°13′W
Acadia,44°21′N,68°13′W
Acadia,44°21′N,68°13′W
Acadia,44°21′N,68°13′W
Acadia,44°21′N,68°13′W
Acadia,44°21′N,68°13′W
Acadia,44°21′N,68°13′W
Acadia,44°21′N,68°13′W
Acadia,44°21′N,68°13′W
Acadia,44°21′N,68°13′W
Acadia,44°21′N,68°13′W
Acadia,44°21′N,68°13′W
Acadia,44°21′N,68°13′W
Acadia,44°21′N,68°13′W
Acadia,44°21′N,68°13′W
Acadia,44°21′N,68°13′W
Acadia,44°21′N,68°13′W
Acadia,44°21′N,68°13′W
Acadia,44°21′N,68°13′W
Acadia,44°21′N,68°13′W
Acadia,44°21′N,68°13′W
Acadia,44°21′N,68°13′W
Acadia,44°21′N,68°13′W
Acadia,44°21′N,68°13′W
Acadia,44°21′N,68°13′W
Acadia,44°21′N,68°13′W
Acadia,44°21′N,68°13′W
Acadia,44°21′N,68°13′W
Acadia,44°21′N,68°13′W
Acadia,44°21′N,68°13′W
Acadia,44°21′N,68°13′W
Acadia,44°21′N,68°13′W
Acadia,44°21′N,68°13′W
Acadia,44°21′N,68°13′W
Acadia,44°21′N,68°13′W
Acadia,44°21′N,68°13′W
Acadia,44°21′N,68°13′W
Acadia,44°21′N,68°13′W
Acadia,44°21′N,68°13′W
Acadia,44°21′N,68°13′W
Acadia,44°21′N,68°13′W
Acadia,44°21′N,68°13′W
Acadia,44°21′N,68°13′W
Acadia,44°21′N,68°13′W
Acadia,44°21′N,68°13′W
Acadia,44°21′N,68°13′W
Acadia,44°21′N,68°13′W
Acadia,44°21′N,68°13′W
Acadia,44°21′N,68°13′W
Acadia,44°21′N,68°13′W
Acadia,44°21′N,68°13′W
Acadia,44°21′N,68°13′W
Acadia,44°21′N,68°13′W
Acadia,44°21′N,68°13′W
Acadia,44°21′N,68°13′W
Acadia,44°21′N,68°13′W
Acadia,44°21′N,68°13′W
Acadia,44°21′N,68°13′W
Acadia,44°21′N,68°13′W
Acadia,44°21′N,68°13′W
Acadia,44°21′N,68°13′W
Acadia,44°21′N,68°13′W
Acadia,44°21′N,68°13′W
Acadia,44°21′N,68°13′W
Acadia,44°21′N,68°13′W
Acadia,44°21′N,68°13′W
Acadia,44°21′N,68°13′W
Acadia,44°21′N,68°13′W
Acadia,44°21′N,68°13′W
Acadia,44°21′N,68°13′W
Acadia,44°21′N,68°13′W
Acadia,44°21′N,68°13′W
Acadia,44°21′N,68°13′W
Acadia,44°21′N,68°13′W
Acadia,44°21′N,68°13′W
Acadia,44°21′N,68°13′W
Acadia,44°21′N,68°13′W
Acadia,44°21′N,68°13′W
Acadia,44°21′N,68°13′W
Acadia,44°21′N,68°13′W
Acadia,44°21′N,68°13′W
Acadia,44°21′N,68°13′W
Acadia,44°21′N,68°13′W
Acadia,44°21′N,68°13′W
Acadia,44°21′N,68°13′W
Acadia,44°21′N,68°13′W
Acadia,44°21′N,68°13′W
Acadia,44°21′N,68°13′W
Acadia,44°21′N,68°13′W
Acadia,44°21′N,68°13′W
Acadia,44°21′N,68°13′W
Acadia,44°21′N,68°13′W
Acadia,44°21′N,68°13′W
Acadia,44°21′N,68°13′W
Acadia,44°21′N,68°13′W
Acadia,44°21′N,68°13′W
Acadia,44°21′N,68°13′W
Acadia,44°21′N,68°13′W
Acadia,44°21′N,68°13′W
Acadia,44°21′N,68°13′W
Acadia,44°21′N,68°13′W
Acadia,44°21′N,68°13′W
Acadia,44°21′N,68°13′W
Acadia,44°21′N,68°13′W
Acadia,44°21′N,68°13′W
Acadia,44°21′N,68°13′W
Acadia,44°21′N,68°13′W
Acadia,44°21′N,68°13′W
Acadia,44°21′N,68°13′W
Acadia,44°21′N,68°13′W
Acadia,44°21′N,68°13′W
Acadia,44°21′N,68°13′W
Acadia,44°21′N,68°13′W
Acadia,44°21′N,68°13′W
Acadia,44°21′N,68°13′W
Acadia,44°21′N,68°13′W
Acadia,44°21′N,68°13′W
Acadia,44°21′N,68°13′W
Acadia,44°21′N,68°13′W
Acadia,44°21′N,68°13′W
Acadia,44°21′N,68°13′W
Acadia,44°21′N,68°13′W
Acadia,44°21′N,68°13′W
Acadia,44°21′N,68°13′W
Acadia,44°21′N,68°13′W
Acadia,44°21′N,68°13′W
Acadia,44°21′N,68°13′W
Acadia,44°21′N,68°13′W
Acadia,44°21′N,68°13′W
Acadia,44°21′N,68°13′W
Acadia,44°21′N,68°13′W
Acadia,44°21′N,68°13′W
Acadia,44°21′N,68°13′W
Acadia,44°21′N,68°13′W
Acadia,44°21′N,68°13′W
Acadia,44°21′N,68°13′W
Acadia,44°21′N,68°13′W
Acadia,44°21′N,68°13′W
Acadia,44°21′N,68°13′W
Acadia,44°21′N,68°13′W
Acadia,44°21′N,68°13′W
Acadia,44°21′N,68°13′W
Acadia,44°21′N,68°13′W
Acadia,44°21′N,68°13′W
Acadia,44°21′N,68°13′W
Acadia,44°21′N,68°13′W
Acadia,44°21′N,68°13′W
Acadia,44°21′N,68°13′W
Acadia,44°21′N,68°13′W
Acadia,44°21′N,68°13′W
Acadia,44°21′N,68°13′W
Acadia,44°21′N,68°13′W
Acadia,44°21′N,68°13′W
Acadia,44°21′N,68°13′W
Acadia,44°21′N,68°13′W
Acadia,44°21′N,68°13′W
Acadia,44°21′N,68°13′W
Acadia,44°21′N,68°13′W
Acadia,44°21′N,68°13′W
Acadia,44°21′N,68°13′W
Acadia,44°21′N,68°13′W
Acadia,44°21′N,68°13′W
Acadia,44°21′N,68°13′W
Acadia,44°21′N,68°13′W
Acadia,44°21′N,68°13′W
Acadia,44°21′N,68°13′W
Acadia,44°21′N,68°13′W
Acadia,44°21′N,68°13′W
Acadia,44°21′N,68°13′W
Acadia,44°21′N,68°13′W
Acadia,44°21′N,68°13′W
Acadia,44°21′N,68°13′W
Acadia,44°21′N,68°13′W
Acadia,44°21′N,68°13′W
Acadia,44°21′N,68°13′W
Acadia,44°21′N,68°13′W
Acadia,44°21′N,68°13′W
Acadia,44°21′N,68°13′W
Acadia,44°21′N,68°13′W
Acadia,44°21′N,68°13′W
Acadia,44°21′N,68°13′W
Acadia,44°21′N,68°13′W
Acadia,44°21′N,68°13′W
Acadia,44°21′N,68°13′W
Acadia,44°21′N,68°13′W
Acadia,44°21′N,68°13′W
Acadia,44°21′N,68°13′W
Acadia,44°21′N,68°13′W
Acadia,44°21′N,68°13′W
Acadia,44°21′N,68°13′W
Acadia,44°21′N,68°13′W
Acadia,44°21′N,68°13′W
Acadia,44°21′N,68°13′W
Acadia,44°21′N,68°13′W
Acadia,44°21′N,68°13′W
Acadia,44°21′N,68°13′W
Acadia,44°21′N,68°13′W
Acadia,44°21′N,68°13′W
Acadia,44°21′N,68°13′W
Acadia,44°21′N,68°13′W
Acadia,44°21′N,68°13′W
Acadia,44°21′N,68°13′W
Acadia,44°21′N,68°13′W
Acadia,44°21′N,68°13′W
Acadia,44°21′N,68°13′W
Acadia,44°21′N,68°13′W
Acadia,44°21′N,68°13′W
Acadia,44°21′N,68°13′W
Acadia,44°21′N,68°13′W
Acadia,44°21′N,68°13′W
Acadia,44°21′N,68°13′W
Acadia,44°21′N,68°13′W
Acadia,44°21′N,68°13′W
Acadia,44°21′N,68°13′W
Acadia,44°21′N,68°13′W
Acadia,44°21′N,68°13′W
Acadia,44°21′N,68°13′W
Acadia,44°21′N,68°13′W
Acadia,44°21′N,68°13′W
Acadia,44°21′N,68°13′W
Acadia,44°21′N,68°13′W
Acadia,44°21′N,68°13′W
Acadia,44°21′N,68°13′W
Acadia,44°21′N,68°13′W
Acadia,44°21′N,68°13′W
Acadia,44°21′N,68°13′W
Acadia,44°21′N,68°13′W
Acadia,44°21′N,68°13′W
Acadia,44°21′N,68°13′W
Acadia,44°21′N,68°13′W
Acadia,44°21′N,68°13′W
Acadia,44°21′N,68°13′W
Acadia,44°21′N,68°13′W
Acadia,44°21′N,68°13′W
Acadia,44°21′N,68°13′W
Acadia,44°21′N,68°13′W
Acadia,44°21′N,68°13′W
Acadia,44°21′N,68°13′W
Acadia,44°21′N,68°13′W
Acadia,44°21′N,68°13′W
Acadia,44°21′N,68°13′W
Acadia,44°21′N,68°13′W
Acadia,44°21′N,68°13′W
Acadia,44°21′N,68°13′W
Acadia,44°21′N,68°13′W
Acadia,44°21′N,68°13′W
Acadia,44°21′N,68°13′W
Acadia,44°21′N,68°13′W
Acadia,44°21′N,68°13′W
Acadia,44°21′N,68°13′W
Acadia,44°21′N,68°13′W
Acadia,44°21′N,68°13′W
Acadia,44°21′N,68°13′W
Acadia,44°21′N,68°13′W
Acadia,44°21′N,68°13′W
Acadia,44°21′N,68°13′W
Acadia,44°21′N,68°13′W
Acadia,44°21′N,68°13′W
Acadia,44°21′N,68°13′W
Acadia,44°21′N,68°13′W
Acadia,44°21′N,68°13′W
Acadia,44°21′N,68°13′W
Acadia,44°21′N,68°13′W
Acadia,44°21′N,68°13′W
Acadia,44°21′N,68°13′W
Acadia,44°21′N,68°13′W
Acadia,44°21′N,68°13′W
Acadia,44°21′N,68°13′W
Acadia,44°21′N,68°13′W
Acadia,44°21′N,68°13′W
Acadia,44°21′N,68°13′W
Acadia,44°21′N,68°13′W
Acadia,44°21′N,68°13′W
Acadia,44°21′N,68°13′W
Acadia,44°21′N,68°13′W
Acadia,44°21′N,68°13′W
Acadia,44°21′N,68°13′W
Acadia,44°21′N,68°13′W
Acadia,44°21′N,68°13′W
Acadia,44°21′N,68°13′W
Acadia,44°21′N,68°13′W
Acadia,44°21′N,68°13′W
Acadia,44°21′N,68°13′W
Acadia,44°21′N,68°13′W
Acadia,44°21′N,68°13′W
Acadia,44°21′N,68°13′W
Acadia,44°21′N,68°13′W
Acadia,44°21′N,68°13′W
Acadia,44°21′N,68°13′W
Acadia,44°21′N,68°13′W
Acadia,44°21′N,68°13′W
Acadia,44°21′N,68°13′W
Acadia,44°21′N,68°13′W
Acadia,44°21′N,68°13′W
Acadia,44°21′N,68°13′W
Acadia,44°21′N,68°13′W
Acadia,44°21′N,68°13′W
Acadia,44°21′N,68°13′W
Acadia,44°21′N,68°13′W
Acadia,44°21′N,68°13′W
Acadia,44°21′N,68°13′W
Acadia,44°21′N,68°13′W
Acadia,44°21′N,68°13′W
Acadia,44°21′N,68°13′W
Acadia,44°21′N,68°13′W
Acadia,44°21′N,68°13′W
Acadia,44°21′N,68°13′W
Acadia,44°21′N,68°13′W
Acadia,44°21′N,68°13′W
Acadia,44°21′N,68°13′W
Acadia,44°21′N,68°13′W
Acadia,44°21′N,68°13′W
Acadia,44°21′N,68°13′W
Acadia,44°21′N,68°13′W
Acadia,44°21′N,68°13′W
Acadia,44°21′N,68°13′W
Acadia,44°21′N,68°13′W
Acadia,44°21′N,68°13′W
Acadia,44°21′N,68°13′W
Acadia,44°21′N,68°13′W
Acadia,44°21′N,68°13′W
Acadia,44°21′N,68°13′W
Acadia,44°21′N,68°13′W
Acadia,44°21′N,68°13′W
Acadia,44°21′N,68°13′W
Acadia,44°21′N,68°13′W
Acadia,44°21′N,68°13′W
Acadia,44°21′N,68°13′W
Acadia,44°21′N,68°13′W
Acadia,44°21′N,68°13′W
Acadia,44°21′N,68°13′W
Acadia,44°21′N,68°13′W
Acadia,44°21′N,68°13′W
Acadia,44°21′N,68°13′W
Acadia,44°21′N,68°13′W
